id,Prediction
1,1
2,1
3,0
4,1
5,1
6,1
7,0
8,1
9,1
10,1
11,0
12,1
13,1
14,1
15,1
16,1
17,1
18,0
19,1
20,0
21,1
22,1
23,1
24,0
25,0
26,0
27,1
28,0
29,1
30,1
31,1
32,0
33,1
34,1
35,1
36,1
37,1
38,1
39,0
40,1
41,1
42,1
43,1
44,0
45,1
46,0
47,1
48,0
49,1
50,0
51,1
52,0
53,1
54,0
55,1
56,1
57,0
58,0
59,1
60,1
61,1
62,1
63,1
64,1
65,1
66,1
67,0
68,1
69,1
70,1
71,1
72,1
73,1
74,1
75,1
76,1
77,0
78,1
79,1
80,0
81,1
82,1
83,1
84,0
85,1
86,1
87,1
88,1
89,0
90,1
91,1
92,0
93,0
94,0
95,1
96,1
97,1
98,1
99,1
100,1
101,0
102,1
103,0
104,1
105,1
106,1
107,1
108,1
109,1
110,0
111,1
112,1
113,1
114,0
115,1
116,1
117,1
118,1
119,1
120,1
121,1
122,1
123,1
124,1
125,1
126,1
127,0
128,0
129,1
130,1
131,0
132,0
133,1
134,1
135,1
136,0
137,0
138,1
139,1
140,0
141,1
142,1
143,1
144,1
145,0
146,0
147,1
148,1
149,0
150,1
151,1
152,0
153,1
154,1
155,1
156,0
157,1
158,1
159,0
160,1
161,0
162,0
163,1
164,1
165,1
166,0
167,0
168,0
169,0
170,1
171,0
172,0
173,0
174,0
175,1
176,1
177,1
178,1
179,0
180,0
181,1
182,0
183,1
184,1
185,1
186,0
187,1
188,1
189,1
190,1
191,1
192,1
193,1
194,1
195,0
196,1
197,0
198,1
199,1
200,1
201,0
202,0
203,0
204,0
205,0
206,0
207,0
208,0
209,0
210,1
211,0
212,1
213,1
214,1
215,1
216,0
217,1
218,0
219,1
220,1
221,1
222,1
223,0
224,1
225,1
226,1
227,1
228,0
229,0
230,0
231,1
232,1
233,1
234,1
235,1
236,1
237,1
238,0
239,1
240,1
241,1
242,1
243,1
244,0
245,0
246,0
247,1
248,1
249,0
250,1
251,1
252,0
253,1
254,0
255,1
256,1
257,1
258,1
259,1
260,1
261,0
262,1
263,1
264,1
265,1
266,1
267,0
268,0
269,0
270,0
271,1
272,0
273,0
274,1
275,1
276,1
277,0
278,0
279,1
280,1
281,1
282,1
283,0
284,1
285,1
286,1
287,1
288,1
289,0
290,0
291,1
292,1
293,0
294,0
295,0
296,1
297,1
298,1
299,0
300,0
301,1
302,1
303,1
304,0
305,0
306,0
307,1
308,0
309,1
310,0
311,1
312,1
313,1
314,1
315,1
316,0
317,1
318,0
319,0
320,1
321,1
322,0
323,0
324,0
325,1
326,1
327,1
328,0
329,0
330,1
331,1
332,0
333,1
334,1
335,1
336,1
337,0
338,0
339,1
340,1
341,0
342,0
343,0
344,1
345,0
346,1
347,0
348,1
349,0
350,1
351,1
352,0
353,1
354,1
355,0
356,1
357,0
358,1
359,1
360,0
361,1
362,1
363,1
364,1
365,1
366,1
367,1
368,1
369,1
370,1
371,0
372,1
373,1
374,1
375,1
376,1
377,1
378,0
379,1
380,1
381,1
382,1
383,0
384,0
385,1
386,1
387,1
388,0
389,0
390,0
391,0
392,0
393,0
394,1
395,1
396,0
397,0
398,0
399,1
400,1
401,0
402,0
403,1
404,1
405,0
406,0
407,1
408,0
409,0
410,0
411,1
412,1
413,0
414,0
415,1
416,1
417,1
418,1
419,1
420,1
421,1
422,1
423,1
424,1
425,0
426,0
427,1
428,0
429,1
430,0
431,0
432,1
433,0
434,1
435,1
436,1
437,1
438,1
439,1
440,1
441,1
442,1
443,1
444,1
445,1
446,0
447,0
448,1
449,1
450,1
451,1
452,0
453,1
454,1
455,0
456,0
457,1
458,1
459,1
460,1
461,0
462,0
463,0
464,1
465,1
466,1
467,0
468,0
469,0
470,1
471,0
472,0
473,1
474,1
475,0
476,0
477,1
478,0
479,0
480,1
481,0
482,1
483,0
484,1
485,1
486,0
487,1
488,1
489,1
490,0
491,0
492,1
493,1
494,0
495,1
496,0
497,1
498,1
499,1
500,1
501,1
502,0
503,0
504,1
505,0
506,0
507,1
508,1
509,1
510,1
511,1
512,0
513,0
514,1
515,0
516,0
517,1
518,0
519,1
520,0
521,1
522,0
523,0
524,1
525,0
526,1
527,1
528,1
529,1
530,1
531,0
532,1
533,0
534,0
535,0
536,0
537,0
538,1
539,0
540,1
541,0
542,1
543,0
544,0
545,1
546,0
547,1
548,0
549,0
550,1
551,0
552,0
553,0
554,0
555,0
556,1
557,0
558,0
559,1
560,1
561,1
562,1
563,1
564,1
565,0
566,1
567,1
568,0
569,1
570,0
571,0
572,0
573,1
574,1
575,0
576,0
577,0
578,0
579,1
580,1
581,1
582,0
583,0
584,1
585,1
586,1
587,1
588,1
589,1
590,0
591,1
592,1
593,1
594,0
595,0
596,1
597,0
598,1
599,1
600,0
601,1
602,1
603,1
604,1
605,1
606,0
607,0
608,0
609,0
610,1
611,1
612,1
613,1
614,0
615,0
616,1
617,1
618,1
619,1
620,0
621,1
622,1
623,0
624,1
625,0
626,0
627,1
628,1
629,1
630,1
631,1
632,0
633,1
634,1
635,1
636,1
637,0
638,0
639,1
640,1
641,1
642,0
643,0
644,1
645,0
646,1
647,1
648,0
649,1
650,1
651,0
652,1
653,1
654,0
655,0
656,1
657,1
658,0
659,0
660,0
661,0
662,1
663,1
664,1
665,1
666,0
667,1
668,1
669,1
670,1
671,1
672,0
673,0
674,0
675,1
676,1
677,1
678,1
679,0
680,1
681,1
682,1
683,1
684,0
685,1
686,1
687,1
688,0
689,1
690,1
691,0
692,1
693,1
694,0
695,0
696,1
697,1
698,0
699,0
700,0
701,0
702,0
703,0
704,0
705,1
706,1
707,1
708,1
709,1
710,1
711,1
712,0
713,0
714,1
715,0
716,0
717,1
718,0
719,0
720,1
721,1
722,1
723,1
724,1
725,1
726,1
727,1
728,1
729,1
730,1
731,1
732,0
733,0
734,1
735,0
736,1
737,0
738,0
739,0
740,1
741,0
742,0
743,0
744,1
745,1
746,0
747,1
748,1
749,0
750,0
751,1
752,1
753,1
754,1
755,1
756,0
757,1
758,0
759,1
760,1
761,0
762,1
763,0
764,1
765,1
766,1
767,1
768,1
769,1
770,1
771,0
772,0
773,1
774,0
775,1
776,0
777,0
778,1
779,1
780,0
781,1
782,0
783,0
784,0
785,0
786,1
787,1
788,1
789,0
790,1
791,1
792,0
793,0
794,0
795,1
796,0
797,1
798,1
799,1
800,0
801,0
802,0
803,0
804,1
805,0
806,1
807,0
808,1
809,1
810,1
811,0
812,1
813,0
814,1
815,0
816,1
817,1
818,1
819,1
820,1
821,0
822,0
823,0
824,1
825,0
826,1
827,0
828,1
829,1
830,1
831,1
832,1
833,0
834,1
835,1
836,0
837,0
838,1
839,1
840,0
841,0
842,1
843,1
844,0
845,1
846,0
847,1
848,1
849,1
850,0
851,1
852,1
853,1
854,1
855,1
856,0
857,1
858,1
859,1
860,0
861,0
862,0
863,1
864,0
865,1
866,1
867,1
868,1
869,1
870,0
871,0
872,1
873,0
874,0
875,1
876,0
877,1
878,1
879,0
880,0
881,1
882,0
883,0
884,1
885,1
886,1
887,0
888,1
889,0
890,0
891,1
892,1
893,1
894,0
895,1
896,0
897,1
898,0
899,1
900,0
901,0
902,1
903,0
904,1
905,0
906,1
907,1
908,1
909,0
910,1
911,0
912,0
913,0
914,1
915,1
916,1
917,0
918,0
919,1
920,0
921,1
922,1
923,0
924,1
925,1
926,1
927,0
928,1
929,1
930,0
931,1
932,1
933,0
934,0
935,1
936,1
937,0
938,0
939,0
940,0
941,1
942,1
943,0
944,1
945,1
946,1
947,1
948,1
949,1
950,0
951,1
952,1
953,1
954,1
955,1
956,0
957,1
958,0
959,1
960,0
961,0
962,0
963,0
964,1
965,0
966,1
967,1
968,0
969,1
970,0
971,1
972,1
973,1
974,0
975,1
976,1
977,0
978,1
979,1
980,0
981,0
982,1
983,1
984,0
985,1
986,1
987,0
988,0
989,0
990,1
991,1
992,0
993,0
994,1
995,1
996,1
997,0
998,0
999,0
1000,0
1001,1
1002,0
1003,1
1004,1
1005,1
1006,0
1007,0
1008,0
1009,1
1010,1
1011,1
1012,1
1013,1
1014,1
1015,1
1016,1
1017,0
1018,1
1019,1
1020,0
1021,1
1022,0
1023,0
1024,1
1025,1
1026,1
1027,1
1028,0
1029,1
1030,0
1031,1
1032,1
1033,1
1034,0
1035,1
1036,1
1037,0
1038,0
1039,1
1040,1
1041,1
1042,0
1043,1
1044,1
1045,0
1046,1
1047,1
1048,0
1049,0
1050,1
1051,1
1052,0
1053,1
1054,1
1055,1
1056,0
1057,1
1058,1
1059,0
1060,0
1061,0
1062,1
1063,0
1064,0
1065,1
1066,1
1067,1
1068,1
1069,0
1070,0
1071,1
1072,0
1073,1
1074,0
1075,1
1076,1
1077,1
1078,1
1079,1
1080,1
1081,1
1082,1
1083,1
1084,1
1085,0
1086,1
1087,1
1088,0
1089,0
1090,1
1091,0
1092,1
1093,0
1094,1
1095,0
1096,1
1097,0
1098,1
1099,1
1100,0
1101,0
1102,1
1103,1
1104,1
1105,1
1106,0
1107,1
1108,1
1109,1
1110,1
1111,1
1112,1
1113,0
1114,0
1115,1
1116,1
1117,0
1118,0
1119,0
1120,1
1121,0
1122,1
1123,0
1124,0
1125,0
1126,1
1127,1
1128,1
1129,0
1130,1
1131,0
1132,0
1133,1
1134,0
1135,1
1136,1
1137,0
1138,0
1139,0
1140,0
1141,1
1142,1
1143,0
1144,0
1145,1
1146,0
1147,0
1148,1
1149,1
1150,0
1151,1
1152,0
1153,1
1154,1
1155,1
1156,1
1157,1
1158,0
1159,0
1160,1
1161,1
1162,1
1163,0
1164,1
1165,1
1166,1
1167,1
1168,1
1169,1
1170,0
1171,1
1172,1
1173,0
1174,0
1175,0
1176,1
1177,1
1178,1
1179,1
1180,1
1181,1
1182,1
1183,1
1184,0
1185,0
1186,1
1187,0
1188,0
1189,1
1190,0
1191,1
1192,1
1193,1
1194,1
1195,1
1196,1
1197,1
1198,1
1199,0
1200,1
1201,1
1202,1
1203,1
1204,1
1205,1
1206,0
1207,0
1208,0
1209,1
1210,1
1211,0
1212,1
1213,1
1214,0
1215,0
1216,1
1217,0
1218,1
1219,0
1220,1
1221,1
1222,1
1223,0
1224,1
1225,1
1226,0
1227,0
1228,1
1229,1
1230,1
1231,0
1232,0
1233,1
1234,1
1235,0
1236,1
1237,1
1238,0
1239,1
1240,0
1241,0
1242,1
1243,1
1244,1
1245,0
1246,1
1247,0
1248,1
1249,0
1250,1
1251,1
1252,1
1253,1
1254,0
1255,1
1256,1
1257,0
1258,1
1259,0
1260,1
1261,0
1262,0
1263,1
1264,1
1265,0
1266,1
1267,1
1268,0
1269,1
1270,1
1271,1
1272,1
1273,0
1274,1
1275,1
1276,1
1277,1
1278,1
1279,1
1280,0
1281,1
1282,1
1283,0
1284,0
1285,0
1286,1
1287,0
1288,1
1289,0
1290,1
1291,1
1292,1
1293,0
1294,1
1295,1
1296,1
1297,1
1298,0
1299,0
1300,1
1301,1
1302,1
1303,0
1304,0
1305,0
1306,1
1307,1
1308,1
1309,1
1310,0
1311,1
1312,1
1313,0
1314,1
1315,1
1316,1
1317,1
1318,1
1319,0
1320,0
1321,0
1322,0
1323,1
1324,1
1325,0
1326,1
1327,1
1328,1
1329,0
1330,1
1331,0
1332,0
1333,0
1334,1
1335,1
1336,1
1337,1
1338,1
1339,1
1340,1
1341,0
1342,0
1343,1
1344,1
1345,0
1346,1
1347,1
1348,1
1349,1
1350,0
1351,1
1352,1
1353,0
1354,1
1355,0
1356,1
1357,1
1358,1
1359,1
1360,0
1361,0
1362,0
1363,1
1364,0
1365,0
1366,1
1367,1
1368,1
1369,0
1370,1
1371,1
1372,0
1373,1
1374,0
1375,1
1376,1
1377,0
1378,0
1379,0
1380,1
1381,0
1382,0
1383,0
1384,1
1385,1
1386,0
1387,1
1388,1
1389,1
1390,0
1391,1
1392,1
1393,0
1394,0
1395,1
1396,0
1397,1
1398,0
1399,1
1400,1
1401,0
1402,0
1403,1
1404,1
1405,1
1406,0
1407,1
1408,0
1409,1
1410,1
1411,1
1412,1
1413,1
1414,0
1415,0
1416,1
1417,0
1418,1
1419,0
1420,1
1421,0
1422,1
1423,1
1424,1
1425,0
1426,0
1427,0
1428,1
1429,1
1430,0
1431,0
1432,0
1433,0
1434,1
1435,1
1436,1
1437,0
1438,0
1439,0
1440,1
1441,1
1442,1
1443,0
1444,1
1445,1
1446,1
1447,0
1448,1
1449,1
1450,1
1451,0
1452,1
1453,0
1454,1
1455,0
1456,0
1457,1
1458,0
1459,1
1460,1
1461,1
1462,1
1463,1
1464,1
1465,1
1466,1
1467,1
1468,0
1469,1
1470,1
1471,0
1472,1
1473,1
1474,1
1475,1
1476,1
1477,1
1478,1
1479,0
1480,1
1481,1
1482,0
1483,1
1484,1
1485,0
1486,1
1487,0
1488,0
1489,1
1490,1
1491,1
1492,1
1493,1
1494,1
1495,0
1496,1
1497,1
1498,1
1499,1
1500,1
1501,1
1502,0
1503,0
1504,0
1505,1
1506,1
1507,1
1508,0
1509,1
1510,0
1511,1
1512,0
1513,1
1514,1
1515,0
1516,1
1517,0
1518,0
1519,1
1520,1
1521,1
1522,1
1523,0
1524,1
1525,0
1526,0
1527,0
1528,0
1529,1
1530,0
1531,0
1532,1
1533,0
1534,0
1535,1
1536,1
1537,1
1538,0
1539,1
1540,1
1541,1
1542,1
1543,1
1544,1
1545,1
1546,1
1547,1
1548,1
1549,0
1550,1
1551,1
1552,1
1553,0
1554,1
1555,0
1556,1
1557,0
1558,1
1559,1
1560,1
1561,1
1562,0
1563,1
1564,0
1565,1
1566,1
1567,1
1568,1
1569,1
1570,0
1571,0
1572,0
1573,0
1574,0
1575,0
1576,1
1577,1
1578,0
1579,1
1580,0
1581,0
1582,0
1583,1
1584,0
1585,1
1586,0
1587,1
1588,1
1589,1
1590,0
1591,1
1592,1
1593,0
1594,1
1595,1
1596,1
1597,1
1598,1
1599,1
1600,0
1601,1
1602,1
1603,0
1604,1
1605,1
1606,0
1607,1
1608,1
1609,1
1610,0
1611,0
1612,1
1613,1
1614,1
1615,0
1616,1
1617,1
1618,0
1619,1
1620,1
1621,0
1622,0
1623,1
1624,1
1625,0
1626,0
1627,1
1628,0
1629,0
1630,1
1631,1
1632,0
1633,1
1634,0
1635,1
1636,0
1637,0
1638,0
1639,1
1640,0
1641,1
1642,1
1643,0
1644,0
1645,0
1646,1
1647,1
1648,1
1649,0
1650,1
1651,0
1652,1
1653,0
1654,0
1655,1
1656,1
1657,1
1658,0
1659,1
1660,1
1661,0
1662,1
1663,0
1664,0
1665,1
1666,1
1667,1
1668,0
1669,1
1670,1
1671,0
1672,0
1673,1
1674,0
1675,0
1676,1
1677,0
1678,1
1679,0
1680,1
1681,0
1682,1
1683,0
1684,1
1685,1
1686,0
1687,0
1688,0
1689,0
1690,0
1691,1
1692,1
1693,1
1694,1
1695,1
1696,0
1697,1
1698,0
1699,1
1700,1
1701,1
1702,1
1703,0
1704,0
1705,0
1706,1
1707,1
1708,1
1709,0
1710,1
1711,1
1712,1
1713,0
1714,1
1715,0
1716,1
1717,0
1718,1
1719,1
1720,1
1721,0
1722,0
1723,1
1724,0
1725,1
1726,0
1727,1
1728,0
1729,1
1730,1
1731,1
1732,0
1733,1
1734,1
1735,0
1736,0
1737,1
1738,1
1739,1
1740,0
1741,1
1742,1
1743,1
1744,1
1745,0
1746,1
1747,1
1748,1
1749,1
1750,1
1751,0
1752,1
1753,1
1754,1
1755,1
1756,1
1757,1
1758,1
1759,1
1760,1
1761,1
1762,1
1763,1
1764,1
1765,1
1766,0
1767,0
1768,1
1769,1
1770,0
1771,0
1772,1
1773,0
1774,1
1775,1
1776,1
1777,0
1778,1
1779,0
1780,1
1781,1
1782,1
1783,1
1784,0
1785,0
1786,1
1787,1
1788,0
1789,0
1790,1
1791,1
1792,1
1793,1
1794,1
1795,0
1796,0
1797,1
1798,1
1799,0
1800,0
1801,1
1802,0
1803,0
1804,1
1805,1
1806,0
1807,1
1808,1
1809,0
1810,1
1811,0
1812,0
1813,0
1814,1
1815,0
1816,1
1817,0
1818,0
1819,0
1820,0
1821,1
1822,1
1823,1
1824,1
1825,1
1826,0
1827,1
1828,1
1829,0
1830,0
1831,1
1832,1
1833,1
1834,0
1835,1
1836,1
1837,0
1838,1
1839,1
1840,0
1841,1
1842,1
1843,1
1844,1
1845,0
1846,1
1847,1
1848,1
1849,0
1850,0
1851,1
1852,0
1853,1
1854,0
1855,1
1856,1
1857,0
1858,1
1859,1
1860,1
1861,0
1862,1
1863,1
1864,0
1865,0
1866,1
1867,0
1868,1
1869,0
1870,1
1871,1
1872,0
1873,0
1874,0
1875,0
1876,0
1877,0
1878,0
1879,1
1880,0
1881,1
1882,1
1883,1
1884,1
1885,1
1886,1
1887,0
1888,1
1889,0
1890,1
1891,1
1892,1
1893,1
1894,1
1895,0
1896,0
1897,0
1898,1
1899,0
1900,0
1901,0
1902,0
1903,1
1904,1
1905,0
1906,1
1907,1
1908,0
1909,0
1910,0
1911,1
1912,0
1913,0
1914,1
1915,1
1916,1
1917,0
1918,1
1919,0
1920,1
1921,0
1922,0
1923,1
1924,1
1925,0
1926,0
1927,1
1928,1
1929,1
1930,0
1931,1
1932,0
1933,1
1934,0
1935,1
1936,1
1937,0
1938,1
1939,0
1940,1
1941,1
1942,1
1943,1
1944,0
1945,1
1946,0
1947,1
1948,1
1949,1
1950,0
1951,1
1952,1
1953,1
1954,0
1955,1
1956,0
1957,0
1958,1
1959,0
1960,1
1961,1
1962,1
1963,1
1964,1
1965,0
1966,1
1967,1
1968,0
1969,1
1970,1
1971,1
1972,1
1973,0
1974,0
1975,1
1976,1
1977,0
1978,0
1979,0
1980,1
1981,1
1982,1
1983,1
1984,1
1985,1
1986,1
1987,0
1988,0
1989,1
1990,0
1991,1
1992,0
1993,1
1994,0
1995,1
1996,0
1997,0
1998,1
1999,0
2000,1
2001,1
2002,1
2003,1
2004,1
2005,1
2006,1
2007,0
2008,1
2009,1
2010,1
2011,1
2012,1
2013,1
2014,1
2015,1
2016,0
2017,1
2018,1
2019,0
2020,0
2021,1
2022,0
2023,1
2024,1
2025,1
2026,1
2027,1
2028,1
2029,1
2030,1
2031,1
2032,0
2033,1
2034,1
2035,1
2036,1
2037,1
2038,0
2039,1
2040,1
2041,1
2042,1
2043,1
2044,0
2045,1
2046,1
2047,1
2048,1
2049,1
2050,1
2051,1
2052,0
2053,1
2054,1
2055,0
2056,0
2057,0
2058,1
2059,1
2060,1
2061,1
2062,1
2063,0
2064,0
2065,1
2066,0
2067,1
2068,1
2069,1
2070,0
2071,1
2072,1
2073,0
2074,0
2075,1
2076,1
2077,0
2078,0
2079,1
2080,0
2081,0
2082,1
2083,1
2084,0
2085,0
2086,1
2087,0
2088,1
2089,0
2090,1
2091,0
2092,0
2093,1
2094,1
2095,0
2096,1
2097,0
2098,1
2099,1
2100,1
2101,0
2102,0
2103,1
2104,1
2105,0
2106,1
2107,1
2108,1
2109,0
2110,1
2111,0
2112,0
2113,1
2114,0
2115,1
2116,0
2117,1
2118,1
2119,0
2120,1
2121,1
2122,0
2123,1
2124,1
2125,0
2126,1
2127,0
2128,1
2129,1
2130,1
2131,1
2132,1
2133,0
2134,0
2135,1
2136,0
2137,1
2138,0
2139,1
2140,1
2141,0
2142,0
2143,0
2144,0
2145,1
2146,0
2147,1
2148,0
2149,1
2150,0
2151,1
2152,0
2153,1
2154,1
2155,1
2156,1
2157,1
2158,0
2159,1
2160,1
2161,1
2162,1
2163,1
2164,1
2165,1
2166,1
2167,1
2168,1
2169,1
2170,1
2171,1
2172,1
2173,0
2174,1
2175,1
2176,1
2177,1
2178,0
2179,1
2180,0
2181,0
2182,0
2183,0
2184,1
2185,1
2186,0
2187,0
2188,0
2189,0
2190,0
2191,0
2192,1
2193,0
2194,0
2195,1
2196,1
2197,1
2198,1
2199,1
2200,0
2201,1
2202,0
2203,1
2204,1
2205,1
2206,1
2207,1
2208,1
2209,1
2210,0
2211,0
2212,1
2213,0
2214,1
2215,0
2216,1
2217,1
2218,0
2219,1
2220,1
2221,1
2222,1
2223,1
2224,0
2225,1
2226,0
2227,0
2228,1
2229,1
2230,0
2231,0
2232,0
2233,0
2234,1
2235,0
2236,1
2237,0
2238,1
2239,1
2240,0
2241,1
2242,1
2243,1
2244,1
2245,0
2246,0
2247,1
2248,0
2249,0
2250,1
2251,1
2252,0
2253,0
2254,1
2255,0
2256,1
2257,1
2258,0
2259,0
2260,1
2261,0
2262,0
2263,1
2264,0
2265,1
2266,1
2267,1
2268,1
2269,1
2270,1
2271,0
2272,1
2273,0
2274,0
2275,1
2276,1
2277,0
2278,1
2279,0
2280,0
2281,1
2282,0
2283,0
2284,0
2285,1
2286,0
2287,0
2288,0
2289,1
2290,0
2291,1
2292,1
2293,1
2294,1
2295,1
2296,1
2297,1
2298,1
2299,0
2300,1
2301,1
2302,1
2303,1
2304,1
2305,1
2306,1
2307,0
2308,1
2309,0
2310,1
2311,0
2312,0
2313,1
2314,1
2315,1
2316,1
2317,1
2318,0
2319,1
2320,0
2321,1
2322,0
2323,1
2324,1
2325,0
2326,0
2327,1
2328,0
2329,1
2330,1
2331,0
2332,1
2333,1
2334,1
2335,1
2336,0
2337,0
2338,0
2339,0
2340,0
2341,1
2342,0
2343,0
2344,1
2345,0
2346,1
2347,0
2348,0
2349,1
2350,1
2351,1
2352,1
2353,1
2354,1
2355,0
2356,1
2357,0
2358,1
2359,1
2360,1
2361,1
2362,1
2363,0
2364,1
2365,0
2366,1
2367,0
2368,0
2369,1
2370,1
2371,0
2372,1
2373,0
2374,1
2375,0
2376,1
2377,1
2378,0
2379,1
2380,1
2381,1
2382,0
2383,0
2384,1
2385,1
2386,1
2387,0
2388,0
2389,0
2390,0
2391,1
2392,1
2393,0
2394,0
2395,0
2396,0
2397,0
2398,1
2399,1
2400,1
2401,0
2402,0
2403,0
2404,0
2405,1
2406,0
2407,0
2408,1
2409,1
2410,0
2411,1
2412,1
2413,0
2414,0
2415,1
2416,1
2417,1
2418,1
2419,0
2420,1
2421,1
2422,1
2423,0
2424,1
2425,1
2426,0
2427,1
2428,1
2429,0
2430,1
2431,1
2432,0
2433,1
2434,0
2435,1
2436,1
2437,1
2438,1
2439,1
2440,1
2441,1
2442,1
2443,0
2444,1
2445,0
2446,1
2447,1
2448,1
2449,1
2450,1
2451,1
2452,1
2453,0
2454,0
2455,1
2456,1
2457,1
2458,1
2459,1
2460,0
2461,1
2462,1
2463,1
2464,0
2465,1
2466,1
2467,1
2468,0
2469,0
2470,1
2471,1
2472,1
2473,0
2474,0
2475,1
2476,1
2477,0
2478,0
2479,0
2480,1
2481,0
2482,1
2483,1
2484,0
2485,1
2486,1
2487,1
2488,1
2489,1
2490,0
2491,1
2492,1
2493,0
2494,1
2495,1
2496,0
2497,1
2498,0
2499,1
2500,1
2501,0
2502,0
2503,0
2504,0
2505,1
2506,1
2507,0
2508,0
2509,0
2510,1
2511,0
2512,1
2513,1
2514,1
2515,1
2516,1
2517,1
2518,1
2519,1
2520,1
2521,0
2522,0
2523,1
2524,1
2525,0
2526,1
2527,1
2528,0
2529,1
2530,1
2531,1
2532,1
2533,0
2534,1
2535,1
2536,1
2537,1
2538,1
2539,0
2540,1
2541,0
2542,1
2543,0
2544,0
2545,0
2546,1
2547,1
2548,1
2549,1
2550,1
2551,1
2552,0
2553,1
2554,1
2555,0
2556,1
2557,1
2558,0
2559,0
2560,1
2561,1
2562,0
2563,1
2564,0
2565,0
2566,1
2567,1
2568,1
2569,0
2570,0
2571,1
2572,1
2573,0
2574,1
2575,0
2576,1
2577,1
2578,0
2579,1
2580,1
2581,0
2582,1
2583,1
2584,1
2585,1
2586,0
2587,0
2588,0
2589,0
2590,1
2591,0
2592,1
2593,1
2594,0
2595,0
2596,1
2597,1
2598,0
2599,0
2600,0
2601,1
2602,1
2603,0
2604,1
2605,0
2606,1
2607,0
2608,0
2609,1
2610,1
2611,1
2612,1
2613,1
2614,1
2615,1
2616,0
2617,1
2618,0
2619,1
2620,0
2621,1
2622,0
2623,1
2624,1
2625,1
2626,1
2627,1
2628,1
2629,1
2630,1
2631,0
2632,1
2633,0
2634,1
2635,0
2636,1
2637,0
2638,1
2639,0
2640,0
2641,0
2642,1
2643,0
2644,1
2645,0
2646,1
2647,0
2648,0
2649,1
2650,0
2651,0
2652,1
2653,1
2654,1
2655,1
2656,0
2657,0
2658,0
2659,1
2660,0
2661,0
2662,0
2663,1
2664,0
2665,1
2666,1
2667,1
2668,1
2669,0
2670,1
2671,0
2672,1
2673,1
2674,1
2675,1
2676,1
2677,0
2678,0
2679,1
2680,1
2681,0
2682,1
2683,1
2684,0
2685,1
2686,1
2687,0
2688,0
2689,1
2690,1
2691,0
2692,0
2693,1
2694,1
2695,1
2696,0
2697,1
2698,1
2699,1
2700,1
2701,0
2702,0
2703,1
2704,0
2705,0
2706,1
2707,1
2708,1
2709,1
2710,0
2711,1
2712,1
2713,1
2714,0
2715,0
2716,0
2717,0
2718,1
2719,0
2720,1
2721,1
2722,1
2723,1
2724,0
2725,1
2726,1
2727,0
2728,1
2729,0
2730,1
2731,1
2732,1
2733,1
2734,0
2735,0
2736,1
2737,0
2738,1
2739,1
2740,0
2741,1
2742,0
2743,0
2744,1
2745,1
2746,1
2747,1
2748,1
2749,1
2750,0
2751,0
2752,1
2753,0
2754,0
2755,1
2756,0
2757,0
2758,1
2759,1
2760,1
2761,1
2762,1
2763,1
2764,0
2765,1
2766,0
2767,0
2768,0
2769,1
2770,1
2771,1
2772,0
2773,1
2774,1
2775,1
2776,0
2777,0
2778,1
2779,0
2780,1
2781,1
2782,0
2783,1
2784,0
2785,1
2786,1
2787,1
2788,1
2789,0
2790,1
2791,0
2792,1
2793,1
2794,1
2795,0
2796,1
2797,1
2798,1
2799,1
2800,1
2801,1
2802,0
2803,1
2804,1
2805,1
2806,0
2807,1
2808,1
2809,1
2810,1
2811,1
2812,1
2813,0
2814,1
2815,0
2816,1
2817,0
2818,1
2819,1
2820,0
2821,1
2822,0
2823,0
2824,1
2825,0
2826,1
2827,0
2828,1
2829,0
2830,1
2831,1
2832,1
2833,1
2834,0
2835,1
2836,1
2837,0
2838,1
2839,1
2840,0
2841,0
2842,1
2843,1
2844,0
2845,1
2846,0
2847,1
2848,0
2849,1
2850,0
2851,1
2852,1
2853,0
2854,1
2855,1
2856,1
2857,0
2858,1
2859,1
2860,0
2861,0
2862,1
2863,1
2864,0
2865,1
2866,1
2867,1
2868,1
2869,1
2870,1
2871,0
2872,1
2873,1
2874,1
2875,0
2876,0
2877,1
2878,0
2879,1
2880,0
2881,0
2882,0
2883,0
2884,1
2885,1
2886,1
2887,1
2888,0
2889,1
2890,0
2891,0
2892,0
2893,1
2894,0
2895,1
2896,1
2897,1
2898,1
2899,1
2900,1
2901,1
2902,1
2903,0
2904,1
2905,1
2906,0
2907,1
2908,1
2909,1
2910,1
2911,1
2912,1
2913,1
2914,1
2915,1
2916,1
2917,1
2918,1
2919,1
2920,0
2921,0
2922,1
2923,0
2924,0
2925,1
2926,1
2927,1
2928,1
2929,0
2930,1
2931,1
2932,0
2933,1
2934,0
2935,1
2936,1
2937,0
2938,0
2939,1
2940,0
2941,1
2942,1
2943,1
2944,1
2945,1
2946,1
2947,1
2948,1
2949,1
2950,1
2951,1
2952,1
2953,1
2954,0
2955,1
2956,0
2957,1
2958,0
2959,1
2960,1
2961,0
2962,1
2963,1
2964,1
2965,1
2966,1
2967,1
2968,1
2969,1
2970,0
2971,1
2972,1
2973,1
2974,1
2975,1
2976,0
2977,1
2978,0
2979,1
2980,0
2981,1
2982,1
2983,1
2984,0
2985,0
2986,0
2987,1
2988,1
2989,0
2990,1
2991,1
2992,0
2993,1
2994,1
2995,1
2996,1
2997,1
2998,0
2999,1
3000,1
3001,1
3002,1
3003,0
3004,0
3005,1
3006,0
3007,1
3008,0
3009,1
3010,0
3011,1
3012,1
3013,0
3014,0
3015,1
3016,1
3017,0
3018,0
3019,1
3020,0
3021,1
3022,1
3023,1
3024,0
3025,1
3026,1
3027,1
3028,1
3029,0
3030,1
3031,1
3032,1
3033,1
3034,0
3035,1
3036,0
3037,0
3038,0
3039,0
3040,1
3041,0
3042,1
3043,1
3044,1
3045,0
3046,1
3047,1
3048,1
3049,1
3050,1
3051,1
3052,1
3053,0
3054,0
3055,0
3056,0
3057,1
3058,1
3059,1
3060,1
3061,0
3062,0
3063,1
3064,0
3065,1
3066,1
3067,0
3068,0
3069,1
3070,1
3071,1
3072,1
3073,0
3074,0
3075,1
3076,0
3077,1
3078,1
3079,1
3080,1
3081,0
3082,0
3083,1
3084,1
3085,0
3086,0
3087,0
3088,1
3089,0
3090,1
3091,1
3092,1
3093,1
3094,0
3095,1
3096,1
3097,1
3098,1
3099,1
3100,0
3101,0
3102,1
3103,1
3104,1
3105,1
3106,1
3107,0
3108,1
3109,1
3110,1
3111,0
3112,1
3113,0
3114,1
3115,1
3116,1
3117,1
3118,1
3119,1
3120,1
3121,1
3122,0
3123,1
3124,1
3125,1
3126,1
3127,0
3128,1
3129,1
3130,0
3131,0
3132,0
3133,1
3134,1
3135,1
3136,0
3137,1
3138,1
3139,1
3140,1
3141,0
3142,0
3143,1
3144,1
3145,1
3146,1
3147,0
3148,1
3149,0
3150,0
3151,0
3152,1
3153,1
3154,1
3155,1
3156,0
3157,1
3158,1
3159,1
3160,1
3161,0
3162,0
3163,0
3164,1
3165,1
3166,1
3167,0
3168,1
3169,1
3170,0
3171,1
3172,0
3173,1
3174,1
3175,1
3176,1
3177,0
3178,1
3179,0
3180,1
3181,0
3182,1
3183,1
3184,1
3185,0
3186,0
3187,0
3188,1
3189,1
3190,1
3191,1
3192,1
3193,1
3194,0
3195,1
3196,0
3197,1
3198,1
3199,1
3200,0
3201,1
3202,1
3203,0
3204,1
3205,0
3206,1
3207,0
3208,1
3209,1
3210,0
3211,1
3212,1
3213,1
3214,1
3215,1
3216,0
3217,0
3218,0
3219,1
3220,0
3221,0
3222,1
3223,0
3224,1
3225,0
3226,0
3227,1
3228,1
3229,1
3230,0
3231,1
3232,1
3233,1
3234,1
3235,1
3236,1
3237,0
3238,0
3239,1
3240,1
3241,1
3242,1
3243,0
3244,1
3245,0
3246,0
3247,0
3248,1
3249,1
3250,1
3251,1
3252,1
3253,1
3254,0
3255,0
3256,0
3257,0
3258,1
3259,0
3260,1
3261,1
3262,0
3263,1
3264,1
3265,1
3266,0
3267,0
3268,0
3269,1
3270,0
3271,1
3272,0
3273,0
3274,0
3275,0
3276,0
3277,1
3278,1
3279,0
3280,1
3281,1
3282,1
3283,1
3284,0
3285,1
3286,1
3287,0
3288,1
3289,1
3290,0
3291,1
3292,0
3293,1
3294,1
3295,0
3296,0
3297,0
3298,1
3299,0
3300,1
3301,0
3302,1
3303,1
3304,0
3305,1
3306,0
3307,1
3308,0
3309,0
3310,1
3311,1
3312,1
3313,0
3314,1
3315,0
3316,0
3317,1
3318,1
3319,0
3320,1
3321,1
3322,1
3323,0
3324,1
3325,1
3326,1
3327,1
3328,1
3329,0
3330,0
3331,0
3332,1
3333,0
3334,1
3335,1
3336,0
3337,1
3338,1
3339,0
3340,0
3341,1
3342,0
3343,0
3344,1
3345,1
3346,1
3347,0
3348,1
3349,1
3350,1
3351,0
3352,0
3353,1
3354,0
3355,1
3356,0
3357,1
3358,0
3359,1
3360,1
3361,1
3362,1
3363,1
3364,1
3365,1
3366,1
3367,1
3368,1
3369,1
3370,0
3371,1
3372,0
3373,1
3374,0
3375,0
3376,1
3377,1
3378,0
3379,0
3380,1
3381,0
3382,1
3383,1
3384,1
3385,1
3386,1
3387,1
3388,1
3389,0
3390,1
3391,0
3392,0
3393,0
3394,0
3395,0
3396,1
3397,1
3398,0
3399,0
3400,1
3401,1
3402,1
3403,1
3404,0
3405,1
3406,1
3407,0
3408,0
3409,1
3410,1
3411,1
3412,1
3413,0
3414,1
3415,0
3416,1
3417,1
3418,0
3419,1
3420,1
3421,1
3422,1
3423,0
3424,1
3425,1
3426,1
3427,1
3428,1
3429,1
3430,1
3431,1
3432,1
3433,1
3434,1
3435,0
3436,1
3437,1
3438,0
3439,1
3440,1
3441,1
3442,1
3443,0
3444,0
3445,0
3446,1
3447,1
3448,1
3449,1
3450,1
3451,0
3452,1
3453,1
3454,0
3455,1
3456,1
3457,1
3458,1
3459,0
3460,1
3461,1
3462,0
3463,1
3464,0
3465,0
3466,0
3467,1
3468,1
3469,0
3470,1
3471,1
3472,1
3473,1
3474,0
3475,0
3476,1
3477,1
3478,1
3479,0
3480,0
3481,1
3482,0
3483,0
3484,0
3485,1
3486,0
3487,1
3488,1
3489,1
3490,1
3491,0
3492,1
3493,1
3494,0
3495,0
3496,0
3497,1
3498,0
3499,0
3500,0
3501,0
3502,0
3503,0
3504,1
3505,1
3506,1
3507,0
3508,0
3509,0
3510,1
3511,1
3512,0
3513,1
3514,1
3515,1
3516,1
3517,1
3518,1
3519,0
3520,0
3521,1
3522,1
3523,0
3524,1
3525,0
3526,1
3527,0
3528,0
3529,1
3530,1
3531,1
3532,1
3533,1
3534,0
3535,1
3536,0
3537,1
3538,1
3539,1
3540,1
3541,0
3542,0
3543,0
3544,1
3545,1
3546,0
3547,1
3548,1
3549,0
3550,0
3551,0
3552,0
3553,1
3554,1
3555,1
3556,1
3557,0
3558,1
3559,1
3560,1
3561,0
3562,0
3563,1
3564,1
3565,1
3566,1
3567,1
3568,0
3569,0
3570,1
3571,0
3572,0
3573,0
3574,1
3575,0
3576,1
3577,1
3578,1
3579,1
3580,1
3581,0
3582,1
3583,0
3584,1
3585,1
3586,1
3587,1
3588,1
3589,1
3590,0
3591,0
3592,1
3593,0
3594,0
3595,1
3596,1
3597,1
3598,0
3599,1
3600,0
3601,1
3602,1
3603,1
3604,1
3605,1
3606,1
3607,0
3608,1
3609,0
3610,0
3611,1
3612,1
3613,0
3614,1
3615,0
3616,1
3617,1
3618,1
3619,0
3620,0
3621,0
3622,1
3623,1
3624,0
3625,1
3626,1
3627,1
3628,1
3629,1
3630,1
3631,1
3632,1
3633,0
3634,0
3635,1
3636,1
3637,1
3638,1
3639,1
3640,1
3641,0
3642,0
3643,0
3644,1
3645,1
3646,1
3647,0
3648,1
3649,1
3650,1
3651,1
3652,1
3653,1
3654,1
3655,1
3656,0
3657,1
3658,0
3659,1
3660,1
3661,0
3662,0
3663,1
3664,1
3665,0
3666,1
3667,1
3668,1
3669,1
3670,0
3671,1
3672,0
3673,1
3674,1
3675,1
3676,1
3677,1
3678,1
3679,0
3680,1
3681,1
3682,1
3683,1
3684,1
3685,1
3686,1
3687,1
3688,0
3689,0
3690,1
3691,0
3692,1
3693,1
3694,1
3695,1
3696,1
3697,1
3698,1
3699,1
3700,1
3701,0
3702,1
3703,1
3704,1
3705,1
3706,0
3707,1
3708,1
3709,0
3710,0
3711,1
3712,0
3713,1
3714,0
3715,0
3716,1
3717,1
3718,0
3719,1
3720,0
3721,0
3722,1
3723,1
3724,1
3725,0
3726,1
3727,1
3728,0
3729,0
3730,1
3731,1
3732,0
3733,0
3734,1
3735,1
3736,1
3737,0
3738,0
3739,1
3740,1
3741,0
3742,1
3743,0
3744,1
3745,1
3746,1
3747,0
3748,0
3749,1
3750,1
3751,0
3752,0
3753,1
3754,1
3755,0
3756,0
3757,0
3758,0
3759,1
3760,1
3761,1
3762,1
3763,0
3764,1
3765,1
3766,0
3767,0
3768,1
3769,0
3770,1
3771,1
3772,1
3773,0
3774,0
3775,0
3776,0
3777,1
3778,1
3779,0
3780,0
3781,1
3782,1
3783,1
3784,1
3785,1
3786,1
3787,1
3788,0
3789,0
3790,1
3791,0
3792,1
3793,1
3794,0
3795,0
3796,0
3797,1
3798,0
3799,0
3800,1
3801,1
3802,1
3803,0
3804,0
3805,1
3806,1
3807,1
3808,0
3809,0
3810,0
3811,1
3812,1
3813,1
3814,0
3815,1
3816,0
3817,1
3818,1
3819,0
3820,1
3821,1
3822,0
3823,1
3824,1
3825,0
3826,0
3827,0
3828,1
3829,1
3830,0
3831,1
3832,0
3833,1
3834,0
3835,1
3836,0
3837,0
3838,0
3839,0
3840,1
3841,1
3842,1
3843,1
3844,1
3845,0
3846,1
3847,1
3848,1
3849,1
3850,0
3851,0
3852,1
3853,0
3854,1
3855,0
3856,1
3857,1
3858,0
3859,1
3860,1
3861,1
3862,0
3863,0
3864,1
3865,1
3866,1
3867,1
3868,1
3869,0
3870,1
3871,1
3872,1
3873,0
3874,1
3875,1
3876,1
3877,0
3878,0
3879,1
3880,1
3881,1
3882,0
3883,1
3884,1
3885,1
3886,1
3887,1
3888,0
3889,0
3890,0
3891,0
3892,1
3893,1
3894,0
3895,1
3896,0
3897,1
3898,0
3899,1
3900,0
3901,1
3902,0
3903,1
3904,1
3905,1
3906,1
3907,1
3908,1
3909,1
3910,1
3911,1
3912,1
3913,1
3914,1
3915,0
3916,1
3917,1
3918,0
3919,0
3920,1
3921,1
3922,0
3923,1
3924,1
3925,1
3926,1
3927,1
3928,0
3929,1
3930,1
3931,0
3932,0
3933,0
3934,1
3935,1
3936,0
3937,1
3938,0
3939,1
3940,0
3941,1
3942,0
3943,1
3944,0
3945,1
3946,1
3947,1
3948,0
3949,1
3950,0
3951,0
3952,1
3953,1
3954,1
3955,0
3956,0
3957,1
3958,1
3959,0
3960,0
3961,0
3962,0
3963,1
3964,1
3965,0
3966,0
3967,1
3968,1
3969,0
3970,0
3971,1
3972,0
3973,1
3974,1
3975,1
3976,0
3977,1
3978,0
3979,1
3980,1
3981,0
3982,1
3983,1
3984,1
3985,1
3986,1
3987,1
3988,1
3989,1
3990,1
3991,1
3992,1
3993,0
3994,1
3995,1
3996,0
3997,0
3998,1
3999,0
4000,1
4001,1
4002,1
4003,1
4004,1
4005,1
4006,1
4007,0
4008,1
4009,1
4010,0
4011,1
4012,0
4013,0
4014,1
4015,1
4016,1
4017,0
4018,1
4019,1
4020,0
4021,1
4022,1
4023,1
4024,1
4025,0
4026,1
4027,1
4028,0
4029,1
4030,0
4031,0
4032,1
4033,0
4034,1
4035,0
4036,0
4037,1
4038,1
4039,0
4040,1
4041,1
4042,0
4043,1
4044,1
4045,1
4046,1
4047,1
4048,0
4049,1
4050,0
4051,0
4052,1
4053,0
4054,1
4055,1
4056,0
4057,0
4058,0
4059,1
4060,1
4061,1
4062,0
4063,0
4064,0
4065,1
4066,0
4067,0
4068,0
4069,1
4070,0
4071,0
4072,1
4073,1
4074,1
4075,0
4076,1
4077,1
4078,1
4079,1
4080,1
4081,1
4082,0
4083,1
4084,0
4085,1
4086,1
4087,1
4088,1
4089,1
4090,0
4091,1
4092,0
4093,0
4094,1
4095,1
4096,1
4097,1
4098,0
4099,1
4100,0
4101,1
4102,0
4103,1
4104,1
4105,1
4106,1
4107,1
4108,1
4109,1
4110,0
4111,0
4112,1
4113,1
4114,0
4115,0
4116,1
4117,0
4118,0
4119,1
4120,1
4121,0
4122,0
4123,0
4124,1
4125,1
4126,1
4127,1
4128,1
4129,1
4130,0
4131,1
4132,0
4133,0
4134,1
4135,1
4136,0
4137,1
4138,0
4139,1
4140,0
4141,0
4142,0
4143,0
4144,1
4145,1
4146,0
4147,0
4148,1
4149,1
4150,1
4151,1
4152,1
4153,0
4154,1
4155,1
4156,1
4157,1
4158,1
4159,1
4160,0
4161,1
4162,1
4163,1
4164,1
4165,0
4166,1
4167,0
4168,1
4169,1
4170,1
4171,1
4172,1
4173,1
4174,1
4175,1
4176,1
4177,1
4178,1
4179,0
4180,1
4181,1
4182,0
4183,0
4184,1
4185,1
4186,1
4187,1
4188,1
4189,1
4190,1
4191,1
4192,1
4193,1
4194,0
4195,0
4196,1
4197,1
4198,0
4199,1
4200,0
4201,0
4202,0
4203,0
4204,1
4205,0
4206,1
4207,1
4208,1
4209,1
4210,0
4211,1
4212,0
4213,0
4214,1
4215,1
4216,0
4217,1
4218,0
4219,1
4220,0
4221,1
4222,1
4223,1
4224,1
4225,1
4226,1
4227,1
4228,0
4229,0
4230,1
4231,1
4232,0
4233,0
4234,1
4235,0
4236,1
4237,0
4238,0
4239,1
4240,1
4241,1
4242,1
4243,0
4244,1
4245,0
4246,1
4247,0
4248,1
4249,0
4250,1
4251,0
4252,1
4253,0
4254,1
4255,1
4256,1
4257,1
4258,1
4259,0
4260,0
4261,1
4262,0
4263,1
4264,1
4265,0
4266,0
4267,1
4268,1
4269,1
4270,1
4271,1
4272,1
4273,1
4274,1
4275,1
4276,1
4277,1
4278,1
4279,1
4280,1
4281,0
4282,1
4283,0
4284,0
4285,1
4286,1
4287,1
4288,1
4289,1
4290,0
4291,1
4292,1
4293,1
4294,1
4295,0
4296,1
4297,1
4298,1
4299,1
4300,0
4301,1
4302,1
4303,0
4304,0
4305,1
4306,1
4307,0
4308,1
4309,0
4310,0
4311,1
4312,1
4313,0
4314,0
4315,1
4316,1
4317,0
4318,0
4319,1
4320,1
4321,0
4322,1
4323,1
4324,0
4325,1
4326,1
4327,1
4328,1
4329,0
4330,0
4331,0
4332,1
4333,1
4334,1
4335,1
4336,0
4337,0
4338,1
4339,1
4340,1
4341,0
4342,1
4343,1
4344,1
4345,1
4346,0
4347,0
4348,1
4349,1
4350,1
4351,1
4352,1
4353,0
4354,1
4355,0
4356,0
4357,0
4358,1
4359,1
4360,0
4361,1
4362,1
4363,1
4364,0
4365,1
4366,0
4367,0
4368,1
4369,0
4370,1
4371,0
4372,1
4373,1
4374,1
4375,0
4376,0
4377,1
4378,0
4379,0
4380,0
4381,0
4382,0
4383,1
4384,1
4385,1
4386,0
4387,1
4388,0
4389,1
4390,0
4391,1
4392,1
4393,0
4394,0
4395,1
4396,1
4397,1
4398,0
4399,1
4400,1
4401,1
4402,0
4403,0
4404,1
4405,1
4406,1
4407,1
4408,1
4409,0
4410,0
4411,1
4412,0
4413,1
4414,1
4415,1
4416,0
4417,1
4418,1
4419,0
4420,0
4421,0
4422,1
4423,1
4424,1
4425,0
4426,1
4427,1
4428,0
4429,1
4430,1
4431,1
4432,1
4433,1
4434,1
4435,0
4436,1
4437,1
4438,1
4439,1
4440,0
4441,1
4442,1
4443,1
4444,0
4445,1
4446,0
4447,1
4448,1
4449,0
4450,1
4451,1
4452,0
4453,1
4454,0
4455,0
4456,1
4457,0
4458,1
4459,1
4460,1
4461,1
4462,0
4463,1
4464,0
4465,1
4466,1
4467,1
4468,1
4469,1
4470,1
4471,0
4472,1
4473,0
4474,1
4475,0
4476,1
4477,0
4478,0
4479,1
4480,1
4481,1
4482,1
4483,1
4484,1
4485,1
4486,0
4487,1
4488,0
4489,1
4490,0
4491,0
4492,1
4493,1
4494,1
4495,0
4496,1
4497,0
4498,1
4499,1
4500,1
4501,1
4502,1
4503,0
4504,1
4505,0
4506,1
4507,1
4508,1
4509,1
4510,1
4511,1
4512,1
4513,1
4514,0
4515,0
4516,0
4517,0
4518,0
4519,0
4520,1
4521,1
4522,0
4523,0
4524,1
4525,0
4526,1
4527,1
4528,0
4529,1
4530,1
4531,1
4532,0
4533,1
4534,1
4535,1
4536,0
4537,0
4538,0
4539,0
4540,1
4541,1
4542,0
4543,1
4544,0
4545,1
4546,0
4547,0
4548,1
4549,0
4550,1
4551,1
4552,1
4553,1
4554,1
4555,1
4556,1
4557,1
4558,1
4559,1
4560,1
4561,1
4562,0
4563,1
4564,1
4565,0
4566,1
4567,1
4568,1
4569,1
4570,0
4571,0
4572,1
4573,1
4574,0
4575,1
4576,0
4577,0
4578,0
4579,1
4580,1
4581,0
4582,1
4583,0
4584,0
4585,0
4586,1
4587,0
4588,0
4589,1
4590,0
4591,1
4592,1
4593,1
4594,1
4595,1
4596,1
4597,1
4598,1
4599,1
4600,1
4601,0
4602,0
4603,0
4604,1
4605,1
4606,1
4607,1
4608,1
4609,0
4610,0
4611,0
4612,0
4613,1
4614,0
4615,0
4616,1
4617,1
4618,1
4619,1
4620,0
4621,1
4622,0
4623,1
4624,0
4625,1
4626,1
4627,0
4628,0
4629,0
4630,0
4631,0
4632,0
4633,1
4634,1
4635,1
4636,0
4637,1
4638,1
4639,1
4640,1
4641,0
4642,1
4643,1
4644,0
4645,1
4646,1
4647,0
4648,0
4649,0
4650,0
4651,1
4652,1
4653,1
4654,0
4655,0
4656,1
4657,1
4658,0
4659,1
4660,1
4661,0
4662,0
4663,1
4664,1
4665,1
4666,0
4667,1
4668,1
4669,1
4670,0
4671,1
4672,1
4673,1
4674,1
4675,1
4676,1
4677,1
4678,1
4679,0
4680,1
4681,0
4682,0
4683,0
4684,1
4685,0
4686,0
4687,1
4688,0
4689,0
4690,1
4691,0
4692,1
4693,0
4694,0
4695,1
4696,0
4697,0
4698,0
4699,0
4700,1
4701,0
4702,0
4703,1
4704,0
4705,1
4706,1
4707,1
4708,0
4709,0
4710,0
4711,1
4712,1
4713,1
4714,1
4715,0
4716,1
4717,1
4718,1
4719,1
4720,1
4721,1
4722,1
4723,1
4724,1
4725,1
4726,1
4727,1
4728,1
4729,0
4730,0
4731,1
4732,0
4733,1
4734,1
4735,1
4736,0
4737,0
4738,1
4739,0
4740,1
4741,1
4742,0
4743,0
4744,1
4745,1
4746,1
4747,1
4748,1
4749,1
4750,0
4751,1
4752,0
4753,1
4754,1
4755,1
4756,0
4757,1
4758,1
4759,1
4760,1
4761,1
4762,0
4763,0
4764,1
4765,1
4766,1
4767,0
4768,1
4769,0
4770,1
4771,1
4772,1
4773,0
4774,0
4775,1
4776,1
4777,0
4778,1
4779,1
4780,0
4781,0
4782,0
4783,0
4784,0
4785,0
4786,0
4787,1
4788,1
4789,0
4790,1
4791,0
4792,1
4793,0
4794,1
4795,0
4796,1
4797,1
4798,0
4799,0
4800,1
4801,1
4802,0
4803,0
4804,0
4805,1
4806,1
4807,0
4808,1
4809,0
4810,1
4811,1
4812,1
4813,1
4814,0
4815,1
4816,0
4817,1
4818,1
4819,1
4820,1
4821,1
4822,1
4823,0
4824,1
4825,1
4826,0
4827,1
4828,1
4829,0
4830,1
4831,1
4832,1
4833,1
4834,1
4835,0
4836,1
4837,1
4838,1
4839,1
4840,1
4841,1
4842,0
4843,1
4844,0
4845,0
4846,1
4847,0
4848,1
4849,0
4850,0
4851,0
4852,1
4853,0
4854,0
4855,1
4856,1
4857,1
4858,1
4859,0
4860,0
4861,0
4862,0
4863,1
4864,0
4865,0
4866,1
4867,0
4868,1
4869,1
4870,1
4871,1
4872,1
4873,1
4874,0
4875,1
4876,1
4877,0
4878,1
4879,1
4880,1
4881,1
4882,1
4883,0
4884,0
4885,0
4886,1
4887,0
4888,0
4889,1
4890,0
4891,1
4892,1
4893,0
4894,0
4895,0
4896,1
4897,1
4898,0
4899,1
4900,0
4901,1
4902,0
4903,1
4904,0
4905,0
4906,0
4907,1
4908,1
4909,0
4910,0
4911,1
4912,1
4913,1
4914,1
4915,0
4916,1
4917,1
4918,0
4919,0
4920,0
4921,1
4922,1
4923,1
4924,1
4925,1
4926,1
4927,0
4928,1
4929,1
4930,0
4931,0
4932,1
4933,1
4934,1
4935,0
4936,1
4937,1
4938,1
4939,0
4940,1
4941,1
4942,0
4943,0
4944,1
4945,1
4946,1
4947,1
4948,0
4949,1
4950,0
4951,1
4952,1
4953,1
4954,1
4955,0
4956,1
4957,0
4958,1
4959,1
4960,0
4961,1
4962,1
4963,1
4964,1
4965,1
4966,0
4967,0
4968,0
4969,1
4970,1
4971,1
4972,0
4973,1
4974,1
4975,1
4976,1
4977,1
4978,1
4979,1
4980,1
4981,1
4982,1
4983,1
4984,0
4985,1
4986,1
4987,0
4988,0
4989,1
4990,1
4991,1
4992,0
4993,1
4994,1
4995,0
4996,1
4997,0
4998,0
4999,1
5000,0
